Brand,Model,Finish,Image 1,Image 2
ATV,VS396,,,
ATV,VS1805,,,
ATV,VS1807,,,
ATV,VS3038,,,
ATV,VS3037,,,
ATV,VS393,,,
Golf,P3026,,http://visionwheel.s3.amazonaws.com/tires/golf/P3026.jpg,
Golf,P3026B,,http://visionwheel.s3.amazonaws.com/tires/golf/P3026B.jpg,
Hurst Wheel,CAPS,,,
L & G,P5012,,http://visionwheel.s3.amazonaws.com/tires/l-and-g/P5012.jpg,
L & G,P532,,http://visionwheel.s3.amazonaws.com/tires/l-and-g/P532.jpg,
Trailer,VS090,,,
Vision ATV/Golf,112,Gunmetal Machined Face,http://visionwheel.s3.amazonaws.com/tires/atv/112%20GMMF.JPG,
Vision HD,81 Hauler Single,Gunmetal Machined Lip,http://visionwheel.s3.amazonaws.com/wheels/vision-hd/81%20GML%20NR%20%20Hauler.JPG,
Vision Off-Road,399 Fury,Gloss Black Ball Cut Machined with Green Tint,http://visionwheel.s3.amazonaws.com/wheels/vision-off-road/399-2983BCG10.JPG,